timestamp,participant_id,part,mini_block,trial_in_block,trial_uid,trial_type,polygon_id,polygon_case,polygon_json_path,image_id,image_path,category,bias_level,aperture_scale_factor,cue_pos_id,cue_x_px,cue_y_px,cue_x_deg,cue_y_deg,stimulus_duration_s,iti_s,max_drift_time_s,drift_retry_limit,aoi_radius_deg,aoi_radius_px,validation_rms_before_trial,validation_max_err_before_trial,center_screen_x_px,center_screen_y_px,center_screen_x_deg,center_screen_y_deg,center_mass_x_px,center_mass_y_px,center_mass_x_deg,center_mass_y_deg,dist_center_mass_to_screen_deg,angle_center_mass_to_screen_deg,center_hull_x_px,center_hull_y_px,center_hull_x_deg,center_hull_y_deg,dist_center_hull_to_screen_deg,angle_center_hull_to_screen_deg,center_bbc_x_px,center_bbc_y_px,center_bbc_x_deg,center_bbc_y_deg,dist_center_bbc_to_screen_deg,angle_center_bbc_to_screen_deg,center_icc_x_px,center_icc_y_px,center_icc_x_deg,center_icc_y_deg,dist_center_icc_to_screen_deg,angle_center_icc_to_screen_deg,fixation_achieved,fixation_attempts,fixation_total_time_s,ts_trial_start,ts_recording_start,ts_cue_onset,ts_fixation_end,ts_stim_onset,ts_stim_offset,ts_iti_onset,ts_iti_offset,ts_recording_stop,ts_trial_end,trial_start_time,trial_end_time,trial_duration_s,aborted,user_abort
2026-02-01T12:09:33.698254,P31,B,1,1,B_MB01_T001,image,iso_com_01,iso_com,data/raw/stimuli/polygons/iso_com_01.json,B_Object_099,data/raw/stimuli/CAT2000/Object/099.jpg,Object,nan,1987,grid_11,960,540,12.049751363346202,6.846807837997614,4.0,0.5,10.0,1,2.0,157.04706105708198,,,1920.0,1080.0,0.0,0.0,,,,,,,,,,,,,,,,,,,,,,,,,True,1,1.5544115002267063,129.03694069990888,130.8904500999488,130.90098179969937,136.48047319985926,131.90057389996946,135.91754389973357,135.91754389973357,136.41938279988244,136.4804758997634,136.41941299987957,129.03694069990888,136.41941299987957,7.382472299970686,False,
2026-02-01T12:09:42.914076,P31,B,1,2,B_MB01_T002,image,iso_chc_01,iso_chc,data/raw/stimuli/polygons/iso_chc_01.json,B_Object_023,data/raw/stimuli/CAT2000/Object/023.jpg,Object,nan,1987,grid_12,1920,540,23.119020643887126,6.846807837997614,4.0,0.5,10.0,1,2.0,157.04706105708198,,,1920.0,1080.0,0.0,0.0,,,,,,,,,,,,,,,,,,,,,,,,,True,1,3.048138300422579,136.4813782996498,139.8424554998055,139.86740099964663,145.69647629978135,141.11607840005308,145.13390279980376,145.13390279980376,145.63596399966627,145.69647930003703,145.635997899808,136.4813782996498,145.635997899808,9.154619600158185,False,
2026-02-01T12:09:50.713854,P31,B,1,3,B_MB01_T003,image,iso_bbc_02,iso_bbc,data/raw/stimuli/polygons/iso_bbc_02.json,B_Object_109,data/raw/stimuli/CAT2000/Object/109.jpg,Object,nan,1987,grid_13,2880,540,32.63520862273857,6.846807837997614,4.0,0.5,10.0,1,2.0,157.04706105708198,,,1920.0,1080.0,0.0,0.0,,,,,,,,,,,,,,,,,,,,,,,,,True,1,1.8818611996248364,145.69727989984676,147.8894505999051,147.9004794000648,153.49647779995576,148.91796969994903,152.93363819969818,152.93363819969818,153.43551919981837,153.4964811997488,153.4355500000529,145.69727989984676,153.4355500000529,7.738270100206137,False,
2026-02-01T12:10:10.446864,P31,B,1,4,B_MB01_T004,empty,iso_chc_01,iso_chc,data/raw/stimuli/polygons/iso_chc_01.json,nan,nan,nan,nan,1987,grid_21,960,1080,12.049751363346202,13.503472356031734,4.0,0.5,10.0,1,2.0,157.04706105708198,,,1920.0,1080.0,0.0,0.0,,,,,,,,,,,,,,,,,,,,,,,,,True,1,14.713523499667645,153.4972806996666,168.52145010000095,168.5331287998706,173.22947399970144,168.64994959998876,172.6663730996661,172.6663730996661,173.1683784998022,173.22947679972276,173.16841679997742,153.4972806996666,173.16841679997742,19.671136100310832,False,
2026-02-01T12:10:17.062552,P31,B,1,5,B_MB01_T005,empty,pair_C3_03,pair_C3_icc_vs_chc_bbc,data/raw/stimuli/polygons/pair_com_icc_vs_chc_bbc_03.json,nan,nan,nan,nan,1987,grid_22,1920,1080,23.119020643887126,13.503472356031734,4.0,0.5,10.0,1,2.0,157.04706105708198,,,1920.0,1080.0,0.0,0.0,,,,,,,,,,,,,,,,,,,,,,,,,True,1,1.5989893996156752,173.23019369971007,175.1364515000023,175.1495719999075,179.8444958999753,175.2664243998006,179.2828448000364,179.2828448000364,179.78480769973248,179.84450009977445,179.7848481000401,173.23019369971007,179.7848481000401,6.554654400330037,False,
2026-02-01T12:10:24.728458,P31,B,1,6,B_MB01_T006,image,allfar_convex_01,allfar_convex,data/raw/stimuli/polygons/allfar_convex.json,B_OutdoorNatural_111,data/raw/stimuli/CAT2000/OutdoorNatural/111.jpg,OutdoorNatural,nan,1987,grid_23,2880,1080,32.63520862273857,13.503472356031734,4.0,0.5,10.0,1,2.0,157.04706105708198,,,1920.0,1080.0,0.0,0.0,,,,,,,,,,,,,,,,,,,,,,,,,True,1,1.5661293999291956,179.84525849996135,181.71945129986852,181.73267629975453,187.51047279965132,182.9317680997774,186.94920129980892,186.94920129980892,187.45105180004612,187.51047559967265,187.45108379982412,179.84525849996135,187.45108379982412,7.605825299862772,False,
2026-02-01T12:10:32.094386,P31,B,1,7,B_MB01_T007,image,pair_C3_03,pair_C3_icc_vs_chc_bbc,data/raw/stimuli/polygons/pair_com_icc_vs_chc_bbc_03.json,B_OutdoorNatural_179,data/raw/stimuli/CAT2000/OutdoorNatural/179.jpg,OutdoorNatural,nan,1987,grid_31,960,1620,12.049751363346202,19.80974465169186,4.0,0.5,10.0,1,2.0,157.04706105708198,,,1920.0,1080.0,0.0,0.0,,,,,,,,,,,,,,,,,,,,,,,,,True,1,1.2468977998942137,187.5112782996148,189.0704504000023,189.08247889997438,194.8764724000357,190.29862089967355,194.31571829970926,194.31571829970926,194.8172430996783,194.87647520005703,194.8172741997987,187.5112782996148,194.8172741997987,7.305995900183916,False,
2026-02-01T12:10:40.829256,P31,B,1,8,B_MB01_T008,image,iso_icc_03,iso_icc,data/raw/stimuli/polygons/iso_icc_03.json,B_OutdoorNatural_141,data/raw/stimuli/CAT2000/OutdoorNatural/141.jpg,OutdoorNatural,nan,1987,grid_32,1920,1620,23.119020643887126,19.80974465169186,4.0,0.5,10.0,1,2.0,157.04706105708198,,,1920.0,1080.0,0.0,0.0,,,,,,,,,,,,,,,,,,,,,,,,,True,1,2.0139466002583504,194.8771659997292,197.2134503000416,197.23218259960413,203.61147819971666,199.03083319962025,203.0486914999783,203.0486914999783,203.5506400996819,203.61148119997233,203.55067599983886,194.8771659997292,203.55067599983886,8.673510000109673,False,
2026-02-01T12:10:52.364112,P31,B,1,9,B_MB01_T009,image,baseline_rect_01,baseline_rectangle,data/raw/stimuli/polygons/baseline_rectangle.json,B_Sketch_085,data/raw/stimuli/CAT2000/Sketch/085.jpg,Sketch,nan,1987,grid_33,2880,1620,32.63520862273857,19.80974465169186,4.0,0.5,10.0,1,2.0,157.04706105708198,,,1920.0,1080.0,0.0,0.0,,,,,,,,,,,,,,,,,,,,,,,,,True,1,5.5315260998904705,203.6122955000028,209.45145049970597,209.46513299969956,215.14647379983217,210.5642617996782,214.5816482999362,214.5816482999362,215.08353109983727,215.1464765998535,215.08356289984658,203.6122955000028,215.08356289984658,11.471267399843782,False,
2026-02-01T12:11:00.827642,P31,B,1,10,B_MB01_T010,image,iso_chc_01,iso_chc,data/raw/stimuli/polygons/iso_chc_01.json,B_Object_013,data/raw/stimuli/CAT2000/Object/013.jpg,Object,nan,1987,grid_11,960,540,12.049751363346202,6.846807837997614,4.0,0.5,10.0,1,2.0,157.04706105708198,,,1920.0,1080.0,0.0,0.0,,,,,,,,,,,,,,,,,,,,,,,,,True,1,2.349189499858767,215.1472899997607,217.8024514997378,217.81484209978953,223.6094775996171,219.03037769999355,223.048047399614,223.048047399614,223.5500090997666,223.60948059987277,223.55003749998286,215.1472899997607,223.55003749998286,8.402747500222176,False,
2026-02-01T12:11:07.611585,P31,B,1,11,B_MB01_T011,image,iso_bbc_02,iso_bbc,data/raw/stimuli/polygons/iso_bbc_02.json,B_OutdoorNatural_187,data/raw/stimuli/CAT2000/OutdoorNatural/187.jpg,OutdoorNatural,nan,1987,grid_12,1920,540,23.119020643887126,6.846807837997614,4.0,0.5,10.0,1,2.0,157.04706105708198,,,1920.0,1080.0,0.0,0.0,,,,,,,,,,,,,,,,,,,,,,,,,True,1,0.7800561999902129,223.61028569983318,224.70245069963858,224.7146298000589,230.3934736996889,225.81553049990907,229.8311226000078,229.8311226000078,230.33305659983307,230.39347649971023,230.33309309976175,223.61028569983318,230.33309309976175,6.72280739992857,False,
2026-02-01T12:11:18.010327,P31,B,1,12,B_MB01_T012,image,iso_chc_02,iso_chc,data/raw/stimuli/polygons/iso_chc_02.json,B_Object_131,data/raw/stimuli/CAT2000/Object/131.jpg,Object,nan,1987,grid_13,2880,540,32.63520862273857,6.846807837997614,4.0,0.5,10.0,1,2.0,157.04706105708198,,,1920.0,1080.0,0.0,0.0,,,,,,,,,,,,,,,,,,,,,,,,,True,1,4.148871399927884,230.39430609997362,234.85145089961588,234.86431599967182,240.79247279977426,236.2136335996911,240.23079309985042,240.23079309985042,240.73237359989434,240.79247569991276,240.7324080998078,230.39430609997362,240.7324080998078,10.33810199983418,False,
2026-02-01T12:11:25.225715,P31,B,1,13,B_MB01_T013,image,pair_C1_03,pair_C1_bbc_vs_chc_icc,data/raw/stimuli/polygons/pair_com_bbc_vs_chc_icc_03.json,B_Sketch_129,data/raw/stimuli/CAT2000/Sketch/129.jpg,Sketch,nan,1987,grid_21,960,1080,12.049751363346202,13.503472356031734,4.0,0.5,10.0,1,2.0,157.04706105708198,,,1920.0,1080.0,0.0,0.0,,,,,,,,,,,,,,,,,,,,,,,,,True,1,1.2474977001547813,240.79327799985185,242.35145099973306,242.3640544996597,248.0084716998972,243.431066500023,247.44723149994388,247.44723149994388,247.9489663997665,248.00847429968417,247.94899760000408,240.79327799985185,247.94899760000408,7.155719600152224,False,
2026-02-01T12:11:31.293903,P31,B,1,14,B_MB01_T014,image,iso_com_02,iso_com,data/raw/stimuli/polygons/iso_com_02.json,B_Sketch_139,data/raw/stimuli/CAT2000/Sketch/139.jpg,Sketch,nan,1987,grid_22,1920,1080,23.119020643887126,13.503472356031734,4.0,0.5,10.0,1,2.0,157.04706105708198,,,1920.0,1080.0,0.0,0.0,,,,,,,,,,,,,,,,,,,,,,,,,True,1,0.2002847003750503,248.00917579978704,248.52945039980114,248.54721299977973,254.07647139998153,249.49774639960378,253.51372759975493,253.51372759975493,254.0152660999447,254.07647409988567,254.01529520004988,248.00917579978704,254.01529520004988,6.006119400262833,False,
2026-02-01T12:11:38.159634,P31,B,1,15,B_MB01_T015,image,iso_icc_03,iso_icc,data/raw/stimuli/polygons/iso_icc_03.json,B_Fractal_139,data/raw/stimuli/CAT2000/Fractal/139.jpg,Fractal,nan,1987,grid_23,2880,1080,32.63520862273857,13.503472356031734,4.0,0.5,10.0,1,2.0,157.04706105708198,,,1920.0,1080.0,0.0,0.0,,,,,,,,,,,,,,,,,,,,,,,,,True,1,0.20026940014213324,254.0771580999717,254.59545039990917,254.6136872000061,260.94147309986874,256.36213340004906,260.3801612998359,260.3801612998359,260.8822069000453,260.94147589989007,260.8822399000637,254.0771580999717,260.8822399000637,6.805081800092012,False,
2026-02-01T12:11:46.725456,P31,B,1,16,B_MB01_T016,image,iso_icc_02,iso_icc,data/raw/stimuli/polygons/iso_icc_02.json,B_Object_063,data/raw/stimuli/CAT2000/Object/063.jpg,Object,nan,1987,grid_31,960,1620,12.049751363346202,19.80974465169186,4.0,0.5,10.0,1,2.0,157.04706105708198,,,1920.0,1080.0,0.0,0.0,,,,,,,,,,,,,,,,,,,,,,,,,True,1,2.0634809001348913,260.9422659999691,263.3164512999356,263.330038999673,269.5074734999798,264.92847119970247,268.9465345996432,268.9465345996432,269.44844039995223,269.50747630000114,269.4484703000635,260.9422659999691,269.4484703000635,8.506204300094396,False,
2026-02-01T12:11:56.092513,P31,B,1,17,B_MB01_T017,image,pair_C2_02,pair_C2_chc_vs_bbc_icc,data/raw/stimuli/polygons/pair_com_chc_vs_bbc_icc_02.json,B_Satelite_141,data/raw/stimuli/CAT2000/Satelite/141.jpg,Satelite,nan,1987,grid_32,1920,1620,23.119020643887126,19.80974465169186,4.0,0.5,10.0,1,2.0,157.04706105708198,,,1920.0,1080.0,0.0,0.0,,,,,,,,,,,,,,,,,,,,,,,,,True,1,2.7638435000553727,269.50827799970284,272.58545089978725,272.5963933998719,278.8744715000503,274.2952418997884,278.31289039971307,278.31289039971307,278.81465259986,278.87447429960594,278.8146806997247,269.50827799970284,278.8146806997247,9.306402700021863,False,
2026-02-01T12:12:04.375884,P31,B,1,18,B_MB01_T018,image,pair_C1_01,pair_C1_bbc_vs_chc_icc,data/raw/stimuli/polygons/pair_com_bbc_vs_chc_icc_01.json,B_OutdoorNatural_151,data/raw/stimuli/CAT2000/OutdoorNatural/151.jpg,OutdoorNatural,nan,1987,grid_33,2880,1620,32.63520862273857,19.80974465169186,4.0,0.5,10.0,1,2.0,157.04706105708198,,,1920.0,1080.0,0.0,0.0,,,,,,,,,,,,,,,,,,,,,,,,,True,1,1.9798582000657916,278.875172900036,281.16645109979436,281.1794421998784,287.15847489982843,282.578031799756,286.596001399681,286.596001399681,287.0976990000345,287.15847789961845,287.0977330999449,278.875172900036,287.0977330999449,8.222560199908912,False,
2026-02-01T12:12:12.992927,P31,B,1,19,B_MB01_T019,image,allfar_concave_01,allfar_concave,data/raw/stimuli/polygons/allfar_concave.json,B_OutdoorNatural_093,data/raw/stimuli/CAT2000/OutdoorNatural/093.jpg,OutdoorNatural,nan,1987,grid_11,960,540,12.049751363346202,6.846807837997614,4.0,0.5,10.0,1,2.0,157.04706105708198,,,1920.0,1080.0,0.0,0.0,,,,,,,,,,,,,,,,,,,,,,,,,True,1,2.147579399868846,287.1591822998598,289.6174515997991,289.62916209967807,295.77547319978476,291.1948215998709,295.21234870003536,295.21234870003536,295.71414890000597,295.77547609992325,295.71418310003355,287.1591822998598,295.71418310003355,8.55500080017373,False,
2026-02-01T12:12:20.258223,P31,B,1,20,B_MB01_T020,image,iso_com_03,iso_com,data/raw/stimuli/polygons/iso_com_03.json,B_Random_067,data/raw/stimuli/CAT2000/Random/067.jpg,Random,nan,1987,grid_12,1920,540,23.119020643887126,6.846807837997614,4.0,0.5,10.0,1,2.0,157.04706105708198,,,1920.0,1080.0,0.0,0.0,,,,,,,,,,,,,,,,,,,,,,,,,True,1,1.1823271997272968,295.77629109984264,297.2654510997236,297.27891850005835,303.0404722997919,298.4628595998511,302.4788008998148,302.4788008998148,302.9807478999719,303.0404750998132,302.98078009998426,295.77629109984264,302.98078009998426,7.204489000141621,False,
2026-02-01T12:12:27.909032,P31,B,1,21,B_MB01_T021,image,allfar_convex_01,allfar_convex,data/raw/stimuli/polygons/allfar_convex.json,B_Object_015,data/raw/stimuli/CAT2000/Object/015.jpg,Object,nan,1987,grid_13,2880,540,32.63520862273857,6.846807837997614,4.0,0.5,10.0,1,2.0,157.04706105708198,,,1920.0,1080.0,0.0,0.0,,,,,,,,,,,,,,,,,,,,,,,,,True,1,1.5983839998953044,303.04127339972183,304.948451299686,304.96201769961044,310.6914731999859,306.11204229993746,310.1285810000263,310.1285810000263,310.6303534996696,310.69147600000724,310.6303896000609,303.04127339972183,310.6303896000609,7.589116200339049,False,
2026-02-01T12:12:34.991523,P31,B,1,22,B_MB01_T022,empty,pair_C2_03,pair_C2_chc_vs_bbc_icc,data/raw/stimuli/polygons/pair_com_chc_vs_bbc_icc_03.json,nan,nan,nan,nan,1987,grid_21,960,1080,12.049751363346202,13.503472356031734,4.0,0.5,10.0,1,2.0,157.04706105708198,,,1920.0,1080.0,0.0,0.0,,,,,,,,,,,,,,,,,,,,,,,,,True,1,2.048155500087887,310.6922746999189,313.060450699646,313.07836959976703,317.77347559994087,313.19520909991115,317.2116887997836,317.2116887997836,317.7136043999344,317.7734785997309,317.7136361999437,310.6922746999189,317.7136361999437,7.0213615000247955,False,
2026-02-01T12:12:41.857163,P31,B,1,23,B_MB01_T023,image,iso_icc_02,iso_icc,data/raw/stimuli/polygons/iso_icc_02.json,B_Satelite_199,data/raw/stimuli/CAT2000/Satelite/199.jpg,Satelite,nan,1987,grid_22,1920,1080,23.119020643887126,13.503472356031734,4.0,0.5,10.0,1,2.0,157.04706105708198,,,1920.0,1080.0,0.0,0.0,,,,,,,,,,,,,,,,,,,,,,,,,True,1,0.20022520003840327,317.7741842996329,318.29345060000196,318.31159589998424,324.6394743998535,320.0601726998575,324.0780811998993,324.0780811998993,324.5799674997106,324.6394771998748,324.5799965998158,317.7741842996329,324.5799965998158,6.805812300182879,False,
2026-02-01T12:12:48.406996,P31,B,1,24,B_MB01_T024,image,iso_chc_02,iso_chc,data/raw/stimuli/polygons/iso_chc_02.json,B_Fractal_179,data/raw/stimuli/CAT2000/Fractal/179.jpg,Fractal,nan,1987,grid_23,2880,1080,32.63520862273857,13.503472356031734,4.0,0.5,10.0,1,2.0,157.04706105708198,,,1920.0,1080.0,0.0,0.0,,,,,,,,,,,,,,,,,,,,,,,,,True,1,0.20024079969152808,324.64027119986713,325.1614504000172,325.17803149996325,331.1894731996581,326.61058779992163,330.627830799669,330.627830799669,331.12964259972796,331.1894759000279,331.12967659998685,324.64027119986713,331.12967659998685,6.489405400119722,False,
2026-02-01T12:12:55.922952,P31,B,1,25,B_MB01_T025,image,iso_icc_03,iso_icc,data/raw/stimuli/polygons/iso_icc_03.json,B_Sketch_075,data/raw/stimuli/CAT2000/Sketch/075.jpg,Sketch,nan,1987,grid_31,960,1620,12.049751363346202,19.80974465169186,4.0,0.5,10.0,1,2.0,157.04706105708198,,,1920.0,1080.0,0.0,0.0,,,,,,,,,,,,,,,,,,,,,,,,,True,1,1.6141502000391483,331.19027559971437,333.1164506999776,333.1277402997948,338.70547589985654,334.12769920006394,338.1442581997253,338.1442581997253,338.64610979985446,338.7054789997637,338.646142099984,331.19027559971437,338.646142099984,7.455866500269622,False,
2026-02-01T12:13:02.440730,P31,B,1,26,B_MB01_T026,image,allfar_concave_01,allfar_concave,data/raw/stimuli/polygons/allfar_concave.json,B_Object_069,data/raw/stimuli/CAT2000/Object/069.jpg,Object,nan,1987,grid_32,1920,1620,23.119020643887126,19.80974465169186,4.0,0.5,10.0,1,2.0,157.04706105708198,,,1920.0,1080.0,0.0,0.0,,,,,,,,,,,,,,,,,,,,,,,,,True,1,0.20023349998518825,338.70632399991155,339.22845079982653,339.24423879990354,345.2234731996432,340.6431903997436,344.66074229963124,344.66074229963124,345.1626042998396,345.223475900013,345.16263289982453,338.70632399991155,345.16263289982453,6.456308899912983,False,
2026-02-01T12:13:10.373643,P31,B,1,27,B_MB01_T027,image,pair_C3_03,pair_C3_icc_vs_chc_bbc,data/raw/stimuli/polygons/pair_com_icc_vs_chc_bbc_03.json,B_Satelite_195,data/raw/stimuli/CAT2000/Satelite/195.jpg,Satelite,nan,1987,grid_33,2880,1620,32.63520862273857,19.80974465169186,4.0,0.5,10.0,1,2.0,157.04706105708198,,,1920.0,1080.0,0.0,0.0,,,,,,,,,,,,,,,,,,,,,,,,,True,1,1.7650325000286102,345.22427849983796,347.2984505998902,347.310604499653,353.1554751996882,348.57619319995865,352.5937672997825,352.5937672997825,353.0956822996959,353.15547799970955,353.0957120000385,345.22427849983796,353.0957120000385,7.87143350020051,False,
2026-02-01T12:13:18.939270,P31,B,1,28,B_MB01_T028,image,allfar_intermediate_01,allfar_intermediate,data/raw/stimuli/polygons/allfar_intermediate.json,B_Sketch_081,data/raw/stimuli/CAT2000/Sketch/081.jpg,Sketch,nan,1987,grid_11,960,540,12.049751363346202,6.846807837997614,4.0,0.5,10.0,1,2.0,157.04706105708198,,,1920.0,1080.0,0.0,0.0,,,,,,,,,,,,,,,,,,,,,,,,,True,1,2.6384060997515917,353.1562753999606,356.11545210005715,356.12698889989406,361.7214732998982,357.1438519000076,361.160170099698,361.160170099698,361.66191409993917,361.7214762000367,361.66194539982826,353.1562753999606,361.66194539982826,8.505669999867678,False,
2026-02-01T12:13:26.755400,P31,B,1,29,B_MB01_T029,image,pair_C1_02,pair_C1_bbc_vs_chc_icc,data/raw/stimuli/polygons/pair_com_bbc_vs_chc_icc_02.json,B_Sketch_171,data/raw/stimuli/CAT2000/Sketch/171.jpg,Sketch,nan,1987,grid_12,1920,540,23.119020643887126,6.846807837997614,4.0,0.5,10.0,1,2.0,157.04706105708198,,,1920.0,1080.0,0.0,0.0,,,,,,,,,,,,,,,,,,,,,,,,,True,1,1.8801899002864957,361.7222773996182,363.91445069992915,363.92673680000007,369.5374735998921,364.9602606999688,368.976576899644,368.976576899644,369.4784331996925,369.53747639991343,369.4784614997916,361.7222773996182,369.4784614997916,7.756184100173414,False,
2026-02-01T12:13:34.754683,P31,B,1,30,B_MB01_T030,image,allfar_convex_01,allfar_convex,data/raw/stimuli/polygons/allfar_convex.json,B_OutdoorNatural_163,data/raw/stimuli/CAT2000/OutdoorNatural/163.jpg,OutdoorNatural,nan,1987,grid_13,2880,540,32.63520862273857,6.846807837997614,4.0,0.5,10.0,1,2.0,157.04706105708198,,,1920.0,1080.0,0.0,0.0,,,,,,,,,,,,,,,,,,,,,,,,,True,1,1.8715687999501824,369.53827929962426,371.72945169964805,371.74316670000553,377.53747259965166,372.9594147000462,376.9763447996229,376.9763447996229,377.47798869991675,377.5374766997993,377.478018600028,369.53827929962426,377.478018600028,7.939739300403744,False,
2026-02-01T12:13:42.836897,P31,B,1,31,B_MB01_T031,image,baseline_asym_01,baseline_asymmetric,data/raw/stimuli/polygons/baseline_asymmetric_consolidated.json,B_Satelite_137,data/raw/stimuli/CAT2000/Satelite/137.jpg,Satelite,nan,1987,grid_21,960,1080,12.049751363346202,13.503472356031734,4.0,0.5,10.0,1,2.0,157.04706105708198,,,1920.0,1080.0,0.0,0.0,,,,,,,,,,,,,,,,,,,,,,,,,True,1,1.6626516999676824,377.538284199778,379.51245129993185,379.5262327999808,385.61947089992464,381.042134499643,385.05938579980284,385.05938579980284,385.5610396997072,385.6194734997116,385.56106860004365,377.538284199778,385.56106860004365,8.022784400265664,False,
2026-02-01T12:13:52.956078,P31,B,1,32,B_MB01_T032,image,iso_bbc_01,iso_bbc,data/raw/stimuli/polygons/iso_bbc_01.json,B_OutdoorNatural_009,data/raw/stimuli/CAT2000/OutdoorNatural/009.jpg,OutdoorNatural,nan,1987,grid_22,1920,1080,23.119020643887126,13.503472356031734,4.0,0.5,10.0,1,2.0,157.04706105708198,,,1920.0,1080.0,0.0,0.0,,,,,,,,,,,,,,,,,,,,,,,,,True,1,3.8646407001651824,385.62018119962886,389.79845179989934,389.80922929989174,395.738474200014,391.1585772000253,395.17570719961077,395.17570719961077,395.677656899672,395.73847709968686,395.6776866996661,385.62018119962886,395.6776866996661,10.057505500037223,False,
2026-02-01T12:14:00.922640,P31,B,1,33,B_MB01_T033,image,allfar_concave_01,allfar_concave,data/raw/stimuli/polygons/allfar_concave.json,B_Sketch_167,data/raw/stimuli/CAT2000/Sketch/167.jpg,Sketch,nan,1987,grid_23,2880,1080,32.63520862273857,13.503472356031734,4.0,0.5,10.0,1,2.0,157.04706105708198,,,1920.0,1080.0,0.0,0.0,,,,,,,,,,,,,,,,,,,,,,,,,True,1,2.015101999975741,395.73929489962757,398.06245089974254,398.07560979994014,403.7044738996774,399.1255019996315,403.14214459992945,403.14214459992945,403.64406559988856,403.7044767998159,403.6440942999907,395.73929489962757,403.6440942999907,7.9047994003631175,False,
2026-02-01T12:14:09.054650,P31,B,1,34,B_MB01_T034,image,pair_C1_01,pair_C1_bbc_vs_chc_icc,data/raw/stimuli/polygons/pair_com_bbc_vs_chc_icc_01.json,B_Satelite_039,data/raw/stimuli/CAT2000/Satelite/039.jpg,Satelite,nan,1987,grid_31,960,1620,12.049751363346202,19.80974465169186,4.0,0.5,10.0,1,2.0,157.04706105708198,,,1920.0,1080.0,0.0,0.0,,,,,,,,,,,,,,,,,,,,,,,,,True,1,1.6644895998761058,403.7053266996518,405.67945079971105,405.6921007996425,411.83647309988737,407.25715979980305,411.27521239966154,411.27521239966154,411.77707839990035,411.8364758999087,411.7771127996966,403.7053266996518,411.7771127996966,8.071786100044847,False,
2026-02-01T12:14:15.370886,P31,B,1,35,B_MB01_T035,image,allfar_convex_01,allfar_convex,data/raw/stimuli/polygons/allfar_convex.json,B_Fractal_117,data/raw/stimuli/CAT2000/Fractal/117.jpg,Fractal,nan,1987,grid_32,1920,1620,23.119020643887126,19.80974465169186,4.0,0.5,10.0,1,2.0,157.04706105708198,,,1920.0,1080.0,0.0,0.0,,,,,,,,,,,,,,,,,,,,,,,,,True,1,0.20022050011903048,411.83729049982503,412.35845009982586,412.37521379999816,418.15347289992496,413.5748851997778,417.5916348998435,417.5916348998435,418.09352190000936,418.1534756999463,418.09355269977823,411.83729049982503,418.09355269977823,6.256262199953198,False,
2026-02-01T12:14:25.289523,P31,B,1,36,B_MB01_T036,image,baseline_rect_01,baseline_rectangle,data/raw/stimuli/polygons/baseline_rectangle.json,B_Random_119,data/raw/stimuli/CAT2000/Random/119.jpg,Random,nan,1987,grid_33,2880,1620,32.63520862273857,19.80974465169186,4.0,0.5,10.0,1,2.0,157.04706105708198,,,1920.0,1080.0,0.0,0.0,,,,,,,,,,,,,,,,,,,,,,,,,True,1,1.738264700397849,418.1542666000314,420.2134501999244,420.2248925999738,428.07147259963676,423.4902021000162,427.5080260997638,427.5080260997638,428.0098846000619,428.07147549977526,428.00991569971666,418.1542666000314,428.00991569971666,9.855649099685252,False,
2026-02-01T12:14:33.519897,P31,B,1,37,B_MB01_T037,image,pair_C3_03,pair_C3_icc_vs_chc_bbc,data/raw/stimuli/polygons/pair_com_icc_vs_chc_bbc_03.json,B_OutdoorNatural_021,data/raw/stimuli/CAT2000/OutdoorNatural/021.jpg,OutdoorNatural,nan,1987,grid_11,960,540,12.049751363346202,6.846807837997614,4.0,0.5,10.0,1,2.0,157.04706105708198,,,1920.0,1080.0,0.0,0.0,,,,,,,,,,,,,,,,,,,,,,,,,True,1,2.0486093000508845,428.07227399991825,430.4294550996274,430.4412563997321,436.302472199779,431.72350029973313,435.74107089964673,435.74107089964673,436.2429317999631,436.3024750999175,436.24295970005915,428.07227399991825,436.24295970005915,8.170685700140893,False,
2026-02-01T12:14:41.570509,P31,B,1,38,B_MB01_T038,image,pair_C2_02,pair_C2_chc_vs_bbc_icc,data/raw/stimuli/polygons/pair_com_chc_vs_bbc_icc_02.json,B_OutdoorNatural_113,data/raw/stimuli/CAT2000/OutdoorNatural/113.jpg,OutdoorNatural,nan,1987,grid_12,1920,540,23.119020643887126,6.846807837997614,4.0,0.5,10.0,1,2.0,157.04706105708198,,,1920.0,1080.0,0.0,0.0,,,,,,,,,,,,,,,,,,,,,,,,,True,1,1.4300534999929368,436.3032692996785,438.0454503996298,438.0576264997944,444.3524759998545,439.77313559968024,443.79080670000985,443.79080670000985,444.29279179964215,444.3524790997617,444.2928222999908,436.3032692996785,444.2928222999908,7.9895530003122985,False,
2026-02-01T12:14:49.602510,P31,B,1,39,B_MB01_T039,image,iso_chc_01,iso_chc,data/raw/stimuli/polygons/iso_chc_01.json,B_Random_161,data/raw/stimuli/CAT2000/Random/161.jpg,Random,nan,1987,grid_13,2880,540,32.63520862273857,6.846807837997614,4.0,0.5,10.0,1,2.0,157.04706105708198,,,1920.0,1080.0,0.0,0.0,,,,,,,,,,,,,,,,,,,,,,,,,True,1,1.7797656003385782,444.353281899821,446.4454512000084,446.45739609980956,452.3844728996046,447.8062741998583,451.82388069992885,451.82388069992885,452.3258309997618,452.3844756996259,452.3258613999933,444.353281899821,452.3258613999933,7.972579500172287,False,
2026-02-01T12:16:01.618581,P31,B,2,1,B_MB02_T040,image,iso_bbc_02,iso_bbc,data/raw/stimuli/polygons/iso_bbc_02.json,B_Fractal_059,data/raw/stimuli/CAT2000/Fractal/059.jpg,Fractal,nan,1987,grid_21,960,1080,12.049751363346202,13.503472356031734,4.0,0.5,10.0,1,2.0,157.04706105708198,,,1920.0,1080.0,0.0,0.0,,,,,,,,,,,,,,,,,,,,,,,,,True,1,0.8730957000516355,517.3240799997002,518.5084508997388,518.5216617998667,524.4004730996676,519.8206392996944,523.8381828996353,523.8381828996353,524.3401241996326,524.4004758996889,524.3401595000178,517.3240799997002,524.3401595000178,7.0160795003175735,False,
2026-02-01T12:16:07.999749,P31,B,2,2,B_MB02_T041,image,pair_C3_03,pair_C3_icc_vs_chc_bbc,data/raw/stimuli/polygons/pair_com_icc_vs_chc_bbc_03.json,B_Random_025,data/raw/stimuli/CAT2000/Random/025.jpg,Random,nan,1987,grid_22,1920,1080,23.119020643887126,13.503472356031734,4.0,0.5,10.0,1,2.0,157.04706105708198,,,1920.0,1080.0,0.0,0.0,,,,,,,,,,,,,,,,,,,,,,,,,True,1,0.20024800021201372,524.4012767998502,524.9174513998441,524.9381932998076,530.7824722998776,526.2042312999256,530.2213165997528,530.2213165997528,530.7229641997255,530.7824750998989,530.7230022996664,524.4012767998502,530.7230022996664,6.321725499816239,False,
2026-02-01T12:16:15.599882,P31,B,2,3,B_MB02_T042,image,pair_C3_02,pair_C3_icc_vs_chc_bbc,data/raw/stimuli/polygons/pair_com_icc_vs_chc_bbc_02.json,B_Sketch_163,data/raw/stimuli/CAT2000/Sketch/163.jpg,Sketch,nan,1987,grid_23,2880,1080,32.63520862273857,13.503472356031734,4.0,0.5,10.0,1,2.0,157.04706105708198,,,1920.0,1080.0,0.0,0.0,,,,,,,,,,,,,,,,,,,,,,,,,True,1,1.6479113004170358,530.7831883998588,532.740450500045,532.7545567997731,538.3824723996222,533.8042144998908,537.8210502997972,537.8210502997972,538.3229284998961,538.3824752997607,538.322959299665,530.7831883998588,538.322959299665,7.539770899806172,False,
2026-02-01T12:16:23.217158,P31,B,2,4,B_MB02_T043,image,pair_C1_03,pair_C1_bbc_vs_chc_icc,data/raw/stimuli/polygons/pair_com_bbc_vs_chc_icc_03.json,B_Random_149,data/raw/stimuli/CAT2000/Random/149.jpg,Random,nan,1987,grid_31,960,1620,12.049751363346202,19.80974465169186,4.0,0.5,10.0,1,2.0,157.04706105708198,,,1920.0,1080.0,0.0,0.0,,,,,,,,,,,,,,,,,,,,,,,,,True,1,1.3966974997892976,538.3832693998702,540.0884511000477,540.1043008998968,545.9994719997048,541.419908599928,545.4375546998344,545.4375546998344,545.9394411998801,545.999474699609,545.9394703996368,538.3832693998702,545.9394703996368,7.556200999766588,False,
2026-02-01T12:16:29.366040,P31,B,2,5,B_MB02_T044,image,iso_bbc_01,iso_bbc,data/raw/stimuli/polygons/iso_bbc_01.json,B_Sketch_193,data/raw/stimuli/CAT2000/Sketch/193.jpg,Sketch,nan,1987,grid_32,1920,1620,23.119020643887126,19.80974465169186,4.0,0.5,10.0,1,2.0,157.04706105708198,,,1920.0,1080.0,0.0,0.0,,,,,,,,,,,,,,,,,,,,,,,,,True,1,0.20025880029425025,546.0003058998846,546.5194504000247,546.5374533999711,552.1484727999195,547.5706072999164,551.5873258998618,551.5873258998618,552.08932669973,552.1484755999409,552.0893552000634,546.0003058998846,552.0893552000634,6.0890493001788855,False,
2026-02-01T12:16:36.965754,P31,B,2,6,B_MB02_T045,image,iso_icc_03,iso_icc,data/raw/stimuli/polygons/iso_icc_03.json,B_OutdoorNatural_059,data/raw/stimuli/CAT2000/OutdoorNatural/059.jpg,OutdoorNatural,nan,1987,grid_33,2880,1620,32.63520862273857,19.80974465169186,4.0,0.5,10.0,1,2.0,157.04706105708198,,,1920.0,1080.0,0.0,0.0,,,,,,,,,,,,,,,,,,,,,,,,,True,1,0.8646169998683035,552.1492756996304,553.3254506997764,553.3372013997287,559.7484729997814,555.1690574996173,559.1870199996047,559.1870199996047,559.6888043996878,559.7484758999199,559.6888349000365,552.1492756996304,559.6888349000365,7.5395592004060745,False,
2026-02-01T12:16:44.751322,P31,B,2,7,B_MB02_T046,image,iso_bbc_01,iso_bbc,data/raw/stimuli/polygons/iso_bbc_01.json,B_Satelite_165,data/raw/stimuli/CAT2000/Satelite/165.jpg,Satelite,nan,1987,grid_11,960,540,12.049751363346202,6.846807837997614,4.0,0.5,10.0,1,2.0,157.04706105708198,,,1920.0,1080.0,0.0,0.0,,,,,,,,,,,,,,,,,,,,,,,,,True,1,1.5143782999366522,559.7492728997022,561.5754507998936,561.586940899957,567.5334751997143,562.9529347000644,566.970064799767,566.970064799767,567.4719996997155,567.5334779997356,567.4720340999775,559.7492728997022,567.4720340999775,7.722761200275272,False,
2026-02-01T12:16:52.649393,P31,B,2,8,B_MB02_T047,image,iso_bbc_03,iso_bbc,data/raw/stimuli/polygons/iso_bbc_03.json,B_Fractal_055,data/raw/stimuli/CAT2000/Fractal/055.jpg,Fractal,nan,1987,grid_12,1920,540,23.119020643887126,6.846807837997614,4.0,0.5,10.0,1,2.0,157.04706105708198,,,1920.0,1080.0,0.0,0.0,,,,,,,,,,,,,,,,,,,,,,,,,True,1,1.716394899878651,567.5342870997265,569.5584505996667,569.5699870996177,575.4314728998579,570.8523808000609,574.8698722999543,574.8698722999543,575.3716444000602,575.4314756998792,575.3716740999371,567.5342870997265,575.3716740999371,7.837387000210583,False,
2026-02-01T12:17:02.099296,P31,B,2,9,B_MB02_T048,image,baseline_sym_01,baseline_symmetric,data/raw/stimuli/polygons/baseline_symmetric_consolidated.json,B_OutdoorNatural_129,data/raw/stimuli/CAT2000/OutdoorNatural/129.jpg,OutdoorNatural,nan,1987,grid_13,2880,540,32.63520862273857,6.846807837997614,4.0,0.5,10.0,1,2.0,157.04706105708198,,,1920.0,1080.0,0.0,0.0,,,,,,,,,,,,,,,,,,,,,,,,,True,1,1.715133999940008,575.4322750000283,577.4564512996003,577.4697316996753,584.881472799927,580.3017019997351,584.3195430999622,584.3195430999622,584.8213901999407,584.8814755999483,584.8214197000489,575.4322750000283,584.8214197000489,9.389144700020552,False,
2026-02-01T12:17:08.749006,P31,B,2,10,B_MB02_T049,empty,iso_icc_02,iso_icc,data/raw/stimuli/polygons/iso_icc_02.json,nan,nan,nan,nan,1987,grid_21,960,1080,12.049751363346202,13.503472356031734,4.0,0.5,10.0,1,2.0,157.04706105708198,,,1920.0,1080.0,0.0,0.0,,,,,,,,,,,,,,,,,,,,,,,,,True,1,1.6148876999504864,584.8822728996165,586.8124514999799,586.8361251000315,591.5314775998704,586.952913899906,590.9693295997567,590.9693295997567,591.4710812997073,591.5314805000089,591.4711102996953,584.8822728996165,591.4711102996953,6.5888374000787735,False,
2026-02-01T12:17:15.199588,P31,B,2,11,B_MB02_T050,image,iso_com_03,iso_com,data/raw/stimuli/polygons/iso_com_03.json,B_Satelite_183,data/raw/stimuli/CAT2000/Satelite/183.jpg,Satelite,nan,1987,grid_22,1920,1080,23.119020643887126,13.503472356031734,4.0,0.5,10.0,1,2.0,157.04706105708198,,,1920.0,1080.0,0.0,0.0,,,,,,,,,,,,,,,,,,,,,,,,,True,1,0.2002356997691095,591.5322425998747,592.049449800048,592.0693115000613,597.9814725997858,593.4013733998872,597.4190897997469,597.4190897997469,597.9209941998124,597.9814753998071,597.9210236999206,591.5322425998747,597.9210236999206,6.38878110004589,False,
2026-02-01T12:17:23.065786,P31,B,2,12,B_MB02_T051,image,iso_chc_03,iso_chc,data/raw/stimuli/polygons/iso_chc_03.json,B_Fractal_051,data/raw/stimuli/CAT2000/Fractal/051.jpg,Fractal,nan,1987,grid_23,2880,1080,32.63520862273857,13.503472356031734,4.0,0.5,10.0,1,2.0,157.04706105708198,,,1920.0,1080.0,0.0,0.0,,,,,,,,,,,,,,,,,,,,,,,,,True,1,1.6497500003315508,597.9822681997903,599.9394511999562,599.9523384999484,605.8484723996371,601.2674999996088,605.2855046996847,605.2855046996847,605.7872973000631,605.8484751000069,605.7873341999948,597.9822681997903,605.7873341999948,7.805066000204533,False,
2026-02-01T12:17:31.231504,P31,B,2,13,B_MB02_T052,image,iso_chc_02,iso_chc,data/raw/stimuli/polygons/iso_chc_02.json,B_OutdoorNatural_071,data/raw/stimuli/CAT2000/OutdoorNatural/071.jpg,OutdoorNatural,nan,1987,grid_31,960,1620,12.049751363346202,19.80974465169186,4.0,0.5,10.0,1,2.0,157.04706105708198,,,1920.0,1080.0,0.0,0.0,,,,,,,,,,,,,,,,,,,,,,,,,True,1,1.7825494999997318,605.8491674996912,607.9404506999999,607.9520793999545,614.0134724997915,609.4343733997084,613.4518987997435,613.4518987997435,613.9537766999565,614.0134752998129,613.9538066997193,605.8491674996912,613.9538066997193,8.104639200028032,False,
2026-02-01T12:17:37.615582,P31,B,2,14,B_MB02_T053,image,pair_C1_02,pair_C1_bbc_vs_chc_icc,data/raw/stimuli/polygons/pair_com_bbc_vs_chc_icc_02.json,B_Object_101,data/raw/stimuli/CAT2000/Object/101.jpg,Object,nan,1987,grid_32,1920,1620,23.119020643887126,19.80974465169186,4.0,0.5,10.0,1,2.0,157.04706105708198,,,1920.0,1080.0,0.0,0.0,,,,,,,,,,,,,,,,,,,,,,,,,True,1,0.2002270999364555,614.0143287000246,614.5414505000226,614.551928000059,620.39747299999,615.8174834996462,619.8350256998092,619.8350256998092,620.3367790998891,620.3974756998941,620.3368099997751,614.0143287000246,620.3368099997751,6.322481299750507,False,
2026-02-01T12:17:44.562988,P31,B,2,15,B_MB02_T054,image,pair_C3_03,pair_C3_icc_vs_chc_bbc,data/raw/stimuli/polygons/pair_com_icc_vs_chc_bbc_03.json,B_Object_045,data/raw/stimuli/CAT2000/Object/045.jpg,Object,nan,1987,grid_33,2880,1620,32.63520862273857,19.80974465169186,4.0,0.5,10.0,1,2.0,157.04706105708198,,,1920.0,1080.0,0.0,0.0,,,,,,,,,,,,,,,,,,,,,,,,,True,1,0.966416500043124,620.398277499713,621.6724507999606,621.6849491996691,627.3454728997312,622.7676760000177,626.7848077998497,626.7848077998497,627.2866813996807,627.3454756997526,627.286709500011,620.398277499713,627.286709500011,6.888432000298053,False,
2026-02-01T12:17:52.763918,P31,B,2,16,B_MB02_T055,image,iso_icc_03,iso_icc,data/raw/stimuli/polygons/iso_icc_03.json,B_Satelite_009,data/raw/stimuli/CAT2000/Satelite/009.jpg,Satelite,nan,1987,grid_11,960,540,12.049751363346202,6.846807837997614,4.0,0.5,10.0,1,2.0,157.04706105708198,,,1920.0,1080.0,0.0,0.0,,,,,,,,,,,,,,,,,,,,,,,,,True,1,1.4808169999159873,627.3462773999199,629.148450799752,629.1680312999524,635.5464735999703,630.966783199925,634.9845240996219,634.9845240996219,635.486419999972,635.5464763999917,635.4864514996298,627.3462773999199,635.4864514996298,8.140174099709839,False,
2026-02-01T12:18:00.428813,P31,B,2,17,B_MB02_T056,image,iso_chc_03,iso_chc,data/raw/stimuli/polygons/iso_chc_03.json,B_Satelite_053,data/raw/stimuli/CAT2000/Satelite/053.jpg,Satelite,nan,1987,grid_12,1920,540,23.119020643887126,6.846807837997614,4.0,0.5,10.0,1,2.0,157.04706105708198,,,1920.0,1080.0,0.0,0.0,,,,,,,,,,,,,,,,,,,,,,,,,True,1,1.3981782998889685,635.5472647999413,637.2544506997801,637.2677830997854,643.2114729997702,638.6330329999328,642.6509574996307,642.6509574996307,643.1528747999109,643.2114757997915,643.1529128998518,635.5472647999413,643.1529128998518,7.605648099910468,False,
2026-02-01T12:18:08.545335,P31,B,2,18,B_MB02_T057,image,pair_C1_01,pair_C1_bbc_vs_chc_icc,data/raw/stimuli/polygons/pair_com_bbc_vs_chc_icc_01.json,B_Fractal_027,data/raw/stimuli/CAT2000/Fractal/027.jpg,Fractal,nan,1987,grid_13,2880,540,32.63520862273857,6.846807837997614,4.0,0.5,10.0,1,2.0,157.04706105708198,,,1920.0,1080.0,0.0,0.0,,,,,,,,,,,,,,,,,,,,,,,,,True,1,1.598574100062251,643.2122855996713,645.1354505000636,645.1508550997823,651.3274721000344,646.7493420997635,650.7673465996049,650.7673465996049,651.2690331996419,651.3274747999385,651.2690690997988,643.2122855996713,651.2690690997988,8.056783500127494,False,
2026-02-01T12:18:17.895845,P31,B,2,19,B_MB02_T058,image,iso_com_01,iso_com,data/raw/stimuli/polygons/iso_com_01.json,B_Object_017,data/raw/stimuli/CAT2000/Object/017.jpg,Object,nan,1987,grid_21,960,1080,12.049751363346202,13.503472356031734,4.0,0.5,10.0,1,2.0,157.04706105708198,,,1920.0,1080.0,0.0,0.0,,,,,,,,,,,,,,,,,,,,,,,,,True,1,3.3989153001457453,651.328182999976,655.0394506999291,655.0505316997878,660.678471900057,656.1003958997317,660.117081400007,660.117081400007,660.6190046998672,660.6784745999612,660.6190361999907,651.328182999976,660.6190361999907,9.29085320001468,False,
2026-02-01T12:18:24.230023,P31,B,2,20,B_MB02_T059,image,pair_C1_02,pair_C1_bbc_vs_chc_icc,data/raw/stimuli/polygons/pair_com_bbc_vs_chc_icc_02.json,B_OutdoorNatural_017,data/raw/stimuli/CAT2000/OutdoorNatural/017.jpg,OutdoorNatural,nan,1987,grid_22,1920,1080,23.119020643887126,13.503472356031734,4.0,0.5,10.0,1,2.0,157.04706105708198,,,1920.0,1080.0,0.0,0.0,,,,,,,,,,,,,,,,,,,,,,,,,True,1,0.20023619988933206,660.6791761997156,661.1964501999319,661.2170790997334,667.0124729997478,662.4333682996221,666.4501533997245,666.4501533997245,666.9520156998187,667.0124757997692,666.9520488996059,660.6791761997156,666.9520488996059,6.272872699890286,False,
2026-02-01T12:18:33.729716,P31,B,2,21,B_MB02_T060,image,baseline_rect_01,baseline_rectangle,data/raw/stimuli/polygons/baseline_rectangle.json,B_Satelite_169,data/raw/stimuli/CAT2000/Satelite/169.jpg,Satelite,nan,1987,grid_23,2880,1080,32.63520862273857,13.503472356031734,4.0,0.5,10.0,1,2.0,157.04706105708198,,,1920.0,1080.0,0.0,0.0,,,,,,,,,,,,,,,,,,,,,,,,,True,1,1.9831439997069538,667.0132797998376,669.3054501996376,669.3167224000208,676.5124725997448,671.9320377996191,675.9498513997532,675.9498513997532,676.4518574997783,676.5124753997661,676.4518834999762,667.0132797998376,676.4518834999762,9.438603700138628,False,
2026-02-01T12:18:41.781092,P31,B,2,22,B_MB02_T061,image,pair_C1_01,pair_C1_bbc_vs_chc_icc,data/raw/stimuli/polygons/pair_com_bbc_vs_chc_icc_01.json,B_Sketch_103,data/raw/stimuli/CAT2000/Sketch/103.jpg,Sketch,nan,1987,grid_31,960,1620,12.049751363346202,19.80974465169186,4.0,0.5,10.0,1,2.0,157.04706105708198,,,1920.0,1080.0,0.0,0.0,,,,,,,,,,,,,,,,,,,,,,,,,True,1,2.0994763001799583,676.5132905999199,678.9204502999783,678.9330885000527,684.5634746998549,679.9831824996509,683.9995867996477,683.9995867996477,684.5018289997242,684.5634775999933,684.5018682000227,676.5132905999199,684.5018682000227,7.988577600102872,False,
2026-02-01T12:18:47.862547,P31,B,2,23,B_MB02_T062,image,iso_bbc_02,iso_bbc,data/raw/stimuli/polygons/iso_bbc_02.json,B_Sketch_145,data/raw/stimuli/CAT2000/Sketch/145.jpg,Sketch,nan,1987,grid_32,1920,1620,23.119020643887126,19.80974465169186,4.0,0.5,10.0,1,2.0,157.04706105708198,,,1920.0,1080.0,0.0,0.0,,,,,,,,,,,,,,,,,,,,,,,,,True,1,0.20026580011472106,684.564284699969,685.0804510000162,685.0996101996861,690.6444765999913,686.0665289000608,690.0827825996093,690.0827825996093,690.5846740999259,690.6444794000126,690.584705799818,684.564284699969,690.584705799818,6.020421099849045,False,
2026-02-01T12:18:56.577711,P31,B,2,24,B_MB02_T063,image,pair_C2_01,pair_C2_chc_vs_bbc_icc,data/raw/stimuli/polygons/pair_com_chc_vs_bbc_icc_01.json,B_OutdoorNatural_031,data/raw/stimuli/CAT2000/OutdoorNatural/031.jpg,OutdoorNatural,nan,1987,grid_33,2880,1620,32.63520862273857,19.80974465169186,4.0,0.5,10.0,1,2.0,157.04706105708198,,,1920.0,1080.0,0.0,0.0,,,,,,,,,,,,,,,,,,,,,,,,,True,1,2.2396690999157727,690.645288199652,693.1874511996284,693.1992977997288,699.3604731997475,694.7817839998752,698.7991105997935,698.7991105997935,699.3010108000599,699.3604758996516,699.3010387998074,690.645288199652,699.3010387998074,8.655750600155443,False,
2026-02-01T12:19:04.351645,P31,B,2,25,B_MB02_T064,image,iso_chc_03,iso_chc,data/raw/stimuli/polygons/iso_chc_03.json,B_Random_011,data/raw/stimuli/CAT2000/Random/011.jpg,Random,nan,1987,grid_11,960,540,12.049751363346202,6.846807837997614,4.0,0.5,10.0,1,2.0,157.04706105708198,,,1920.0,1080.0,0.0,0.0,,,,,,,,,,,,,,,,,,,,,,,,,True,1,1.4810882997699082,699.3612699997611,701.1534544997849,701.1657185000367,707.1334762996994,702.5477568996139,706.5655095996335,706.5655095996335,707.0674250996672,707.1334790997207,707.0674578999169,699.3612699997611,707.0674578999169,7.706187900155783,False,
2026-02-01T12:19:17.161061,P31,B,2,26,B_MB02_T065,image,pair_C3_01,pair_C3_icc_vs_chc_bbc,data/raw/stimuli/polygons/pair_com_icc_vs_chc_bbc_01.json,B_Satelite_071,data/raw/stimuli/CAT2000/Satelite/071.jpg,Satelite,nan,1987,grid_12,1920,540,23.119020643887126,6.846807837997614,4.0,0.5,10.0,1,2.0,157.04706105708198,,,1920.0,1080.0,0.0,0.0,,,,,,,,,,,,,,,,,,,,,,,,,True,1,6.581343000289053,707.1342957997695,714.0194502999075,714.0319217997603,719.9434803999029,715.3642179998569,719.3818402998149,719.3818402998149,719.8838297999464,719.9434837000445,719.8838706999086,707.1342957997695,719.8838706999086,12.749574900139123,False,
2026-02-01T12:19:24.645204,P31,B,2,27,B_MB02_T066,image,pair_C3_03,pair_C3_icc_vs_chc_bbc,data/raw/stimuli/polygons/pair_com_icc_vs_chc_bbc_03.json,B_Object_077,data/raw/stimuli/CAT2000/Object/077.jpg,Object,nan,1987,grid_13,2880,540,32.63520862273857,6.846807837997614,4.0,0.5,10.0,1,2.0,157.04706105708198,,,1920.0,1080.0,0.0,0.0,,,,,,,,,,,,,,,,,,,,,,,,,True,1,1.4817482000216842,719.9442961998284,721.7354510999285,721.7483288999647,727.427473299671,722.8477402999997,726.8648544000462,726.8648544000462,727.3667962998152,727.4274760996923,727.3668275997043,719.9442961998284,727.3668275997043,7.422531399875879,False,
2026-02-01T12:19:32.495335,P31,B,2,28,B_MB02_T067,image,allfar_convex_01,allfar_convex,data/raw/stimuli/polygons/allfar_convex.json,B_Satelite_035,data/raw/stimuli/CAT2000/Satelite/035.jpg,Satelite,nan,1987,grid_21,960,1080,12.049751363346202,13.503472356031734,4.0,0.5,10.0,1,2.0,157.04706105708198,,,1920.0,1080.0,0.0,0.0,,,,,,,,,,,,,,,,,,,,,,,,,True,1,1.7994824000634253,727.4282844997942,729.535450999625,729.5481247999705,735.2774726999924,730.6973377997056,734.7146570999175,734.7146570999175,735.2164576998912,735.2774755000137,735.2164872996509,727.4282844997942,735.2164872996509,7.788202799856663,False,
2026-02-01T12:19:39.342905,P31,B,2,29,B_MB02_T068,image,baseline_sym_01,baseline_symmetric,data/raw/stimuli/polygons/baseline_symmetric_consolidated.json,B_Object_125,data/raw/stimuli/CAT2000/Object/125.jpg,Object,nan,1987,grid_22,1920,1080,23.119020643887126,13.503472356031734,4.0,0.5,10.0,1,2.0,157.04706105708198,,,1920.0,1080.0,0.0,0.0,,,,,,,,,,,,,,,,,,,,,,,,,True,1,0.2002695999108255,735.2782715996727,735.7934507997707,735.8145697000436,742.1254732999951,737.5466815996915,741.564383899793,741.564383899793,742.0661896998063,742.1254761000164,742.0662211999297,735.2782715996727,742.0662211999297,6.7879496002569795,False,
2026-02-01T12:19:46.444025,P31,B,2,30,B_MB02_T069,empty,baseline_asym_01,baseline_asymmetric,data/raw/stimuli/polygons/baseline_asymmetric_consolidated.json,nan,nan,nan,nan,1987,grid_23,2880,1080,32.63520862273857,13.503472356031734,4.0,0.5,10.0,1,2.0,157.04706105708198,,,1920.0,1080.0,0.0,0.0,,,,,,,,,,,,,,,,,,,,,,,,,True,1,2.081321000121534,742.1262854998931,744.517450099811,744.5309166000225,749.2264739000238,744.6477653998882,748.6642151996493,748.6642151996493,749.1660312996246,749.2264767996967,749.1660667997785,742.1262854998931,749.1660667997785,7.039781299885362,False,
2026-02-01T12:19:53.628018,P31,B,2,31,B_MB02_T070,image,baseline_asym_01,baseline_asymmetric,data/raw/stimuli/polygons/baseline_asymmetric_consolidated.json,B_Sketch_121,data/raw/stimuli/CAT2000/Sketch/121.jpg,Sketch,nan,1987,grid_31,960,1620,12.049751363346202,19.80974465169186,4.0,0.5,10.0,1,2.0,157.04706105708198,,,1920.0,1080.0,0.0,0.0,,,,,,,,,,,,,,,,,,,,,,,,,True,1,1.214459199924022,749.2272001998499,750.7514504999854,750.7640839996748,756.4104728000239,751.8312590997666,755.8472692999057,755.8472692999057,756.3490570997819,756.4104756996967,756.3490927997045,749.2272001998499,756.3490927997045,7.121892599854618,False,
2026-02-01T12:19:59.993316,P31,B,2,32,B_MB02_T071,image,iso_chc_02,iso_chc,data/raw/stimuli/polygons/iso_chc_02.json,B_Random_107,data/raw/stimuli/CAT2000/Random/107.jpg,Random,nan,1987,grid_32,1920,1620,23.119020643887126,19.80974465169186,4.0,0.5,10.0,1,2.0,157.04706105708198,,,1920.0,1080.0,0.0,0.0,,,,,,,,,,,,,,,,,,,,,,,,,True,1,0.20024440018460155,756.4113182998262,756.9204496997409,756.9305526996031,762.7754747997969,758.1966609996744,762.2137364000082,762.2137364000082,762.7157374997623,762.7754778000526,762.7157654999755,756.4113182998262,762.7157654999755,6.304447200149298,False,
2026-02-01T12:20:09.043869,P31,B,2,33,B_MB02_T072,image,pair_C2_01,pair_C2_chc_vs_bbc_icc,data/raw/stimuli/polygons/pair_com_chc_vs_bbc_icc_01.json,B_Random_013,data/raw/stimuli/CAT2000/Random/013.jpg,Random,nan,1987,grid_33,2880,1620,32.63520862273857,19.80974465169186,4.0,0.5,10.0,1,2.0,157.04706105708198,,,1920.0,1080.0,0.0,0.0,,,,,,,,,,,,,,,,,,,,,,,,,True,1,2.4639747999608517,762.7763050999492,765.5504503999837,765.5635877000168,771.82647109963,767.2459955997765,771.2634012000635,771.2634012000635,771.7650051997043,771.8264737999998,771.7650337996893,762.7763050999492,771.7650337996893,8.988728699740022,False,
2026-02-01T12:20:15.360111,P31,B,2,34,B_MB02_T073,image,iso_bbc_02,iso_bbc,data/raw/stimuli/polygons/iso_bbc_02.json,B_Satelite_093,data/raw/stimuli/CAT2000/Satelite/093.jpg,Satelite,nan,1987,grid_11,960,540,12.049751363346202,6.846807837997614,4.0,0.5,10.0,1,2.0,157.04706105708198,,,1920.0,1080.0,0.0,0.0,,,,,,,,,,,,,,,,,,,,,,,,,True,1,0.20023069996386766,771.827168900054,772.3364503998309,772.3467897996306,778.1424711998552,773.5620319000445,777.579841000028,777.579841000028,778.0816917996854,778.1424738997594,778.081717999652,771.827168900054,778.081717999652,6.25454909959808,False,
2026-02-01T12:20:22.442482,P31,B,2,35,B_MB02_T074,image,iso_bbc_03,iso_bbc,data/raw/stimuli/polygons/iso_bbc_03.json,B_OutdoorNatural_161,data/raw/stimuli/CAT2000/OutdoorNatural/161.jpg,OutdoorNatural,nan,1987,grid_12,1920,540,23.119020643887126,6.846807837997614,4.0,0.5,10.0,1,2.0,157.04706105708198,,,1920.0,1080.0,0.0,0.0,,,,,,,,,,,,,,,,,,,,,,,,,True,1,1.0798492999747396,778.1431668000296,779.535450999625,779.5464641000144,785.2244730996899,780.6455520996824,784.66298609972,784.66298609972,785.1650006999262,785.2244758997113,785.1650283997878,778.1431668000296,785.1650283997878,7.021861599758267,False,
2026-02-01T12:20:30.058256,P31,B,2,36,B_MB02_T075,image,pair_C2_02,pair_C2_chc_vs_bbc_icc,data/raw/stimuli/polygons/pair_com_chc_vs_bbc_icc_02.json,B_OutdoorNatural_133,data/raw/stimuli/CAT2000/OutdoorNatural/133.jpg,OutdoorNatural,nan,1987,grid_13,2880,540,32.63520862273857,6.846807837997614,4.0,0.5,10.0,1,2.0,157.04706105708198,,,1920.0,1080.0,0.0,0.0,,,,,,,,,,,,,,,,,,,,,,,,,True,1,1.2819928000681102,785.2252730997279,786.8164506000467,786.829556599725,792.8404731997289,788.2622445998713,792.2793699000031,792.2793699000031,792.7811599997804,792.840475899633,792.7811916996725,785.2252730997279,792.7811916996725,7.555918599944562,False,
2026-02-01T12:20:38.075903,P31,B,2,37,B_MB02_T076,image,iso_com_01,iso_com,data/raw/stimuli/polygons/iso_com_01.json,B_Random_167,data/raw/stimuli/CAT2000/Random/167.jpg,Random,nan,1987,grid_21,960,1080,12.049751363346202,13.503472356031734,4.0,0.5,10.0,1,2.0,157.04706105708198,,,1920.0,1080.0,0.0,0.0,,,,,,,,,,,,,,,,,,,,,,,,,True,1,1.9980029999278486,792.8412669999525,795.1484504998662,795.1625965996645,800.8584721996449,796.2788585997187,800.2958541996777,800.2958541996777,800.7976056998596,800.8584749996662,800.7976404000074,792.8412669999525,800.7976404000074,7.956373400054872,False,
2026-02-01T12:20:44.808315,P31,B,2,38,B_MB02_T077,image,iso_icc_01,iso_icc,data/raw/stimuli/polygons/iso_icc_01.json,B_OutdoorNatural_019,data/raw/stimuli/CAT2000/OutdoorNatural/019.jpg,OutdoorNatural,nan,1987,grid_22,1920,1080,23.119020643887126,13.503472356031734,4.0,0.5,10.0,1,2.0,157.04706105708198,,,1920.0,1080.0,0.0,0.0,,,,,,,,,,,,,,,,,,,,,,,,,True,1,0.20026380009949207,800.859202099964,801.3774544997141,801.3958111000247,807.5904760998674,803.0112922997214,807.0289166998118,807.0289166998118,807.5308322999626,807.5904790996574,807.5308637996204,800.859202099964,807.5308637996204,6.671661699656397,False,
2026-02-01T12:20:50.659282,P31,B,2,39,B_MB02_T078,empty,iso_com_03,iso_com,data/raw/stimuli/polygons/iso_com_03.json,nan,nan,nan,nan,1987,grid_23,2880,1080,32.63520862273857,13.503472356031734,4.0,0.5,10.0,1,2.0,157.04706105708198,,,1920.0,1080.0,0.0,0.0,,,,,,,,,,,,,,,,,,,,,,,,,True,1,0.8298792000859976,807.5912811998278,808.7324518999085,808.745509499684,813.4414737997577,808.8622834999114,812.8787369998172,812.8787369998172,813.3804465997964,813.4414766998962,813.3804776999168,807.5912811998278,813.3804776999168,5.7891965000890195,False,
2026-02-01T12:21:46.989627,P31,B,3,1,B_MB03_T079,image,iso_bbc_03,iso_bbc,data/raw/stimuli/polygons/iso_bbc_03.json,B_Satelite_033,data/raw/stimuli/CAT2000/Satelite/033.jpg,Satelite,nan,1987,grid_31,960,1620,12.049751363346202,19.80974465169186,4.0,0.5,10.0,1,2.0,157.04706105708198,,,1920.0,1080.0,0.0,0.0,,,,,,,,,,,,,,,,,,,,,,,,,True,1,1.352117800153792,862.3127743997611,863.977450999897,863.9936690996401,869.771472599823,865.1940521998331,869.2101840996183,869.2101840996183,869.7120713996701,869.7714753998443,869.7121076998301,862.3127743997611,869.7121076998301,7.3993333000689745,False,
2026-02-01T12:21:53.373757,P31,B,3,2,B_MB03_T080,image,iso_chc_03,iso_chc,data/raw/stimuli/polygons/iso_chc_03.json,B_Object_175,data/raw/stimuli/CAT2000/Object/175.jpg,Object,nan,1987,grid_32,1920,1620,23.119020643887126,19.80974465169186,4.0,0.5,10.0,1,2.0,157.04706105708198,,,1920.0,1080.0,0.0,0.0,,,,,,,,,,,,,,,,,,,,,,,,,True,1,0.20022749993950129,869.7722763996571,870.2934508998878,870.3101915996522,876.1564731998369,871.5752921998501,875.5933521999978,875.5933521999978,876.0952737997286,876.1564759998582,876.0953042996116,869.7722763996571,876.0953042996116,6.323027899954468,False,
2026-02-01T12:22:01.739165,P31,B,3,3,B_MB03_T081,image,pair_C2_02,pair_C2_chc_vs_bbc_icc,data/raw/stimuli/polygons/pair_com_chc_vs_bbc_icc_02.json,B_Random_191,data/raw/stimuli/CAT2000/Random/191.jpg,Random,nan,1987,grid_33,2880,1620,32.63520862273857,19.80974465169186,4.0,0.5,10.0,1,2.0,157.04706105708198,,,1920.0,1080.0,0.0,0.0,,,,,,,,,,,,,,,,,,,,,,,,,True,1,1.7489427998661995,876.1573615996167,878.2134558996186,878.2266038996167,884.5214728000574,879.9421926997602,883.9597157998942,883.9597157998942,884.4617730998434,884.521475599613,884.4618031997234,876.1573615996167,884.4618031997234,8.304441600106657,False,
2026-02-01T12:22:10.539978,P31,B,3,4,B_MB03_T082,image,iso_bbc_02,iso_bbc,data/raw/stimuli/polygons/iso_bbc_02.json,B_OutdoorNatural_177,data/raw/stimuli/CAT2000/OutdoorNatural/177.jpg,OutdoorNatural,nan,1987,grid_11,960,540,12.049751363346202,6.846807837997614,4.0,0.5,10.0,1,2.0,157.04706105708198,,,1920.0,1080.0,0.0,0.0,,,,,,,,,,,,,,,,,,,,,,,,,True,1,2.5649835001677275,884.5222716997378,887.396450500004,887.4095637998544,893.3224724996835,888.7417093999684,892.759437199682,892.759437199682,893.2613523998298,893.3224752997048,893.2613838999532,884.5222716997378,893.2613838999532,8.739112200215459,False,
2026-02-01T12:22:20.156435,P31,B,3,5,B_MB03_T083,image,iso_bbc_02,iso_bbc,data/raw/stimuli/polygons/iso_bbc_02.json,B_Sketch_157,data/raw/stimuli/CAT2000/Sketch/157.jpg,Sketch,nan,1987,grid_12,1920,540,23.119020643887126,6.846807837997614,4.0,0.5,10.0,1,2.0,157.04706105708198,,,1920.0,1080.0,0.0,0.0,,,,,,,,,,,,,,,,,,,,,,,,,True,1,3.699013900011778,893.3232803996652,897.3354513999075,897.3592755999416,902.9384726998396,898.3597022998147,902.3757386999205,902.3757386999205,902.8776512998156,902.9384754998609,902.8776793000288,893.3232803996652,902.8776793000288,9.554398900363594,False,
2026-02-01T12:22:27.822489,P31,B,3,6,B_MB03_T084,image,iso_chc_03,iso_chc,data/raw/stimuli/polygons/iso_chc_03.json,B_Sketch_001,data/raw/stimuli/CAT2000/Sketch/001.jpg,Sketch,nan,1987,grid_13,2880,540,32.63520862273857,6.846807837997614,4.0,0.5,10.0,1,2.0,157.04706105708198,,,1920.0,1080.0,0.0,0.0,,,,,,,,,,,,,,,,,,,,,,,,,True,1,1.7484055999666452,902.9392720996402,905.0004507000558,905.0257164998911,910.6044729999267,906.025530999992,910.0421796999872,910.0421796999872,910.5440992000513,910.6044759000652,910.5441290000454,902.9392720996402,910.5441290000454,7.604856900405139,False,
2026-02-01T12:22:40.554097,P31,B,3,7,B_MB03_T085,image,pair_C1_01,pair_C1_bbc_vs_chc_icc,data/raw/stimuli/polygons/pair_com_bbc_vs_chc_icc_01.json,B_Object_117,data/raw/stimuli/CAT2000/Object/117.jpg,Object,nan,1987,grid_21,960,1080,12.049751363346202,13.503472356031734,4.0,0.5,10.0,1,2.0,157.04706105708198,,,1920.0,1080.0,0.0,0.0,,,,,,,,,,,,,,,,,,,,,,,,,True,1,6.580988399684429,910.6052671000361,917.4964506998658,917.5086131999269,923.3364720996469,918.7578191999346,922.7750825998373,922.7750825998373,923.2767429999076,923.3364748996682,923.2767725996673,910.6052671000361,923.2767725996673,12.671505499631166,False,
2026-02-01T12:22:45.787786,P31,B,3,8,B_MB03_T086,empty,iso_com_01,iso_com,data/raw/stimuli/polygons/iso_com_01.json,nan,nan,nan,nan,1987,grid_22,1920,1080,23.119020643887126,13.503472356031734,4.0,0.5,10.0,1,2.0,157.04706105708198,,,1920.0,1080.0,0.0,0.0,,,,,,,,,,,,,,,,,,,,,,,,,True,1,0.20023420033976436,923.3372793998569,923.8504510996863,923.875097299926,928.5704735997133,923.991887900047,928.0083093997091,928.0083093997091,928.5103128999472,928.5704763997346,928.5103408996947,923.3372793998569,928.5103408996947,5.173061499837786,False,
2026-02-01T12:22:52.038313,P31,B,3,9,B_MB03_T087,image,pair_C2_01,pair_C2_chc_vs_bbc_icc,data/raw/stimuli/polygons/pair_com_chc_vs_bbc_icc_01.json,B_Object_081,data/raw/stimuli/CAT2000/Object/081.jpg,Object,nan,1987,grid_23,2880,1080,32.63520862273857,13.503472356031734,4.0,0.5,10.0,1,2.0,157.04706105708198,,,1920.0,1080.0,0.0,0.0,,,,,,,,,,,,,,,,,,,,,,,,,True,1,0.20021449960768223,928.5711865997873,929.0894496999681,929.108247899916,934.8204735997133,930.2408352000639,934.2580955000594,934.2580955000594,934.7599700000137,934.8204763997346,934.7600046000443,928.5711865997873,934.7600046000443,6.188818000257015,False,
2026-02-01T12:22:59.770487,P31,B,3,10,B_MB03_T088,image,iso_chc_01,iso_chc,data/raw/stimuli/polygons/iso_chc_01.json,B_Sketch_111,data/raw/stimuli/CAT2000/Sketch/111.jpg,Sketch,nan,1987,grid_31,960,1620,12.049751363346202,19.80974465169186,4.0,0.5,10.0,1,2.0,157.04706105708198,,,1920.0,1080.0,0.0,0.0,,,,,,,,,,,,,,,,,,,,,,,,,True,1,1.781007000245154,934.8212818996981,936.9124505999498,936.9246298000216,942.5524716000073,937.9734373996034,941.9911703998223,941.9911703998223,942.4928681999445,942.5524744000286,942.4928977000527,934.8212818996981,942.4928977000527,7.67161580035463,False,
2026-02-01T12:23:05.987121,P31,B,3,11,B_MB03_T089,image,iso_icc_02,iso_icc,data/raw/stimuli/polygons/iso_icc_02.json,B_Object_035,data/raw/stimuli/CAT2000/Object/035.jpg,Object,nan,1987,grid_32,1920,1620,23.119020643887126,19.80974465169186,4.0,0.5,10.0,1,2.0,157.04706105708198,,,1920.0,1080.0,0.0,0.0,,,,,,,,,,,,,,,,,,,,,,,,,True,1,0.20023590000346303,942.5531625999138,943.073449799791,943.0911446996033,948.7694724998437,944.1905018999241,948.2075988999568,948.2075988999568,948.709551599808,948.769475299865,948.7095979996957,942.5531625999138,948.7095979996957,6.156435399781913,False,
2026-02-01T12:23:13.554164,P31,B,3,12,B_MB03_T090,image,iso_chc_01,iso_chc,data/raw/stimuli/polygons/iso_chc_01.json,B_OutdoorNatural_055,data/raw/stimuli/CAT2000/OutdoorNatural/055.jpg,OutdoorNatural,nan,1987,grid_33,2880,1620,32.63520862273857,19.80974465169186,4.0,0.5,10.0,1,2.0,157.04706105708198,,,1920.0,1080.0,0.0,0.0,,,,,,,,,,,,,,,,,,,,,,,,,True,1,1.2315928000025451,948.7702722996473,950.3114509000443,950.3241840000264,956.3364737997763,951.756427299697,955.7740070000291,955.7740070000291,956.2759344996884,956.3364764996804,956.2759698997252,948.7702722996473,956.2759698997252,7.505697600077838,False,
2026-02-01T12:23:20.086451,P31,B,3,13,B_MB03_T091,image,pair_C3_01,pair_C3_icc_vs_chc_bbc,data/raw/stimuli/polygons/pair_com_icc_vs_chc_bbc_01.json,B_OutdoorNatural_039,data/raw/stimuli/CAT2000/OutdoorNatural/039.jpg,OutdoorNatural,nan,1987,grid_11,960,540,12.049751363346202,6.846807837997614,4.0,0.5,10.0,1,2.0,157.04706105708198,,,1920.0,1080.0,0.0,0.0,,,,,,,,,,,,,,,,,,,,,,,,,True,1,0.2002344001084566,956.3372761998326,956.8554497999139,956.8740499997512,962.8684719996527,958.2895887000486,962.3071526000276,962.3071526000276,962.808990099933,962.868474799674,962.8090210999362,956.3372761998326,962.8090210999362,6.471744900103658,False,
2026-02-01T12:23:27.570003,P31,B,3,14,B_MB03_T092,image,iso_com_01,iso_com,data/raw/stimuli/polygons/iso_com_01.json,B_OutdoorNatural_143,data/raw/stimuli/CAT2000/OutdoorNatural/143.jpg,OutdoorNatural,nan,1987,grid_12,1920,540,23.119020643887126,6.846807837997614,4.0,0.5,10.0,1,2.0,157.04706105708198,,,1920.0,1080.0,0.0,0.0,,,,,,,,,,,,,,,,,,,,,,,,,True,1,1.1301277996972203,962.8692664997652,964.311451099813,964.3237240999006,970.3524736999534,965.7731124996208,969.7902389997616,969.7902389997616,970.2922348999418,970.3524765996262,970.2922629998066,962.8692664997652,970.2922629998066,7.422996500041336,False,
2026-02-01T12:23:36.217889,P31,B,3,15,B_MB03_T093,image,iso_icc_02,iso_icc,data/raw/stimuli/polygons/iso_icc_02.json,B_OutdoorNatural_189,data/raw/stimuli/CAT2000/OutdoorNatural/189.jpg,OutdoorNatural,nan,1987,grid_13,2880,540,32.63520862273857,6.846807837997614,4.0,0.5,10.0,1,2.0,157.04706105708198,,,1920.0,1080.0,0.0,0.0,,,,,,,,,,,,,,,,,,,,,,,,,True,1,1.9321755999699235,970.353281899821,972.5934510999359,972.6067935996689,979.0004720999859,974.4219508999959,978.439955199603,978.439955199603,978.9418062996119,979.0004749000072,978.9418386998586,970.353281899821,978.9418386998586,8.588556800037622,False,
2026-02-01T12:23:44.187312,P31,B,3,16,B_MB03_T094,image,iso_com_02,iso_com,data/raw/stimuli/polygons/iso_com_02.json,B_Satelite_045,data/raw/stimuli/CAT2000/Satelite/045.jpg,Satelite,nan,1987,grid_21,960,1080,12.049751363346202,13.503472356031734,4.0,0.5,10.0,1,2.0,157.04706105708198,,,1920.0,1080.0,0.0,0.0,,,,,,,,,,,,,,,,,,,,,,,,,True,1,1.6386287999339402,979.0012733000331,980.9614512999542,980.9731784998439,986.9694723999128,982.3893030998297,986.406351399608,986.406351399608,986.9083496998064,986.9694751999341,986.908381999936,979.0012733000331,986.908381999936,7.907108699902892,False,
2026-02-01T12:23:50.569593,P31,B,3,17,B_MB03_T095,image,pair_C3_03,pair_C3_icc_vs_chc_bbc,data/raw/stimuli/polygons/pair_com_icc_vs_chc_bbc_03.json,B_Fractal_003,data/raw/stimuli/CAT2000/Fractal/003.jpg,Fractal,nan,1987,grid_22,1920,1080,23.119020643887126,13.503472356031734,4.0,0.5,10.0,1,2.0,157.04706105708198,,,1920.0,1080.0,0.0,0.0,,,,,,,,,,,,,,,,,,,,,,,,,True,1,0.20023790001869202,986.9702771999873,987.4894499997608,987.506339199841,993.3514735000208,988.7722719996236,992.7895102999173,992.7895102999173,993.2914489000104,993.3514763996936,993.2914759996347,986.9702771999873,993.2914759996347,6.321198799647391,False,
2026-02-01T12:23:58.034776,P31,B,3,18,B_MB03_T096,image,pair_C3_03,pair_C3_icc_vs_chc_bbc,data/raw/stimuli/polygons/pair_com_icc_vs_chc_bbc_03.json,B_Satelite_081,data/raw/stimuli/CAT2000/Satelite/081.jpg,Satelite,nan,1987,grid_23,2880,1080,32.63520862273857,13.503472356031734,4.0,0.5,10.0,1,2.0,157.04706105708198,,,1920.0,1080.0,0.0,0.0,,,,,,,,,,,,,,,,,,,,,,,,,True,1,1.3157912003807724,993.352266300004,994.9914497998543,995.0060449000448,1000.8174755000509,996.2388005997054,1000.2559274998493,1000.2559274998493,1000.7578673996031,1000.8174785999581,1000.7578949998133,993.352266300004,1000.7578949998133,7.405628699809313,False,
2026-02-01T12:24:06.020399,P31,B,3,19,B_MB03_T097,image,baseline_asym_01,baseline_asymmetric,data/raw/stimuli/polygons/baseline_asymmetric_consolidated.json,B_Sketch_043,data/raw/stimuli/CAT2000/Sketch/043.jpg,Sketch,nan,1987,grid_31,960,1620,12.049751363346202,19.80974465169186,4.0,0.5,10.0,1,2.0,157.04706105708198,,,1920.0,1080.0,0.0,0.0,,,,,,,,,,,,,,,,,,,,,,,,,True,1,2.0151635999791324,1000.8182810000144,1003.1444508000277,1003.1558359996416,1008.8024757998064,1004.2221130998805,1008.2390353996307,1008.2390353996307,1008.7408598996699,1008.8024786999449,1008.7408898998983,1000.8182810000144,1008.7408898998983,7.922608899883926,False,
2026-02-01T12:24:14.786516,P31,B,3,20,B_MB03_T098,image,iso_com_01,iso_com,data/raw/stimuli/polygons/iso_com_01.json,B_Fractal_159,data/raw/stimuli/CAT2000/Fractal/159.jpg,Fractal,nan,1987,grid_32,1920,1620,23.119020643887126,19.80974465169186,4.0,0.5,10.0,1,2.0,157.04706105708198,,,1920.0,1080.0,0.0,0.0,,,,,,,,,,,,,,,,,,,,,,,,,True,1,2.533013000153005,1008.8032871000469,1011.6434565000236,1011.6555308997631,1017.5685012997128,1012.9885628996417,1017.0053876000457,1017.0053876000457,1017.5073591996916,1017.5685049998574,1017.5073954998516,1008.8032871000469,1017.5073954998516,8.704108399804682,False,
2026-02-01T12:24:22.635525,P31,B,3,21,B_MB03_T099,image,pair_C2_03,pair_C2_chc_vs_bbc_icc,data/raw/stimuli/polygons/pair_com_chc_vs_bbc_icc_03.json,B_Random_113,data/raw/stimuli/CAT2000/Random/113.jpg,Random,nan,1987,grid_33,2880,1620,32.63520862273857,19.80974465169186,4.0,0.5,10.0,1,2.0,157.04706105708198,,,1920.0,1080.0,0.0,0.0,,,,,,,,,,,,,,,,,,,,,,,,,True,1,1.7158014001324773,1017.5693506998941,1019.5924578998238,1019.6052727997303,1025.4175098999403,1020.8383082998917,1024.8551545999944,1024.8551545999944,1025.3578375000507,1025.4175144997425,1025.3578777997755,1017.5693506998941,1025.3578777997755,7.788527099881321,False,
2026-02-01T12:24:30.551355,P31,B,3,22,B_MB03_T100,image,pair_C1_03,pair_C1_bbc_vs_chc_icc,data/raw/stimuli/polygons/pair_com_bbc_vs_chc_icc_03.json,B_Fractal_071,data/raw/stimuli/CAT2000/Fractal/071.jpg,Fractal,nan,1987,grid_11,960,540,12.049751363346202,6.846807837997614,4.0,0.5,10.0,1,2.0,157.04706105708198,,,1920.0,1080.0,0.0,0.0,,,,,,,,,,,,,,,,,,,,,,,,,True,1,1.4989068997092545,1025.418393000029,1027.2294576000422,1027.2550904997624,1033.3335042996332,1028.7534367996268,1032.7715527997352,1032.7715527997352,1033.2739674998447,1033.3335083997808,1033.274006200023,1025.418393000029,1033.274006200023,7.855613199993968,False,
2026-02-01T12:24:40.934585,P31,B,3,23,B_MB03_T101,image,pair_C2_01,pair_C2_chc_vs_bbc_icc,data/raw/stimuli/polygons/pair_com_chc_vs_bbc_icc_01.json,B_Fractal_189,data/raw/stimuli/CAT2000/Fractal/189.jpg,Fractal,nan,1987,grid_12,1920,540,23.119020643887126,6.846807837997614,4.0,0.5,10.0,1,2.0,157.04706105708198,,,1920.0,1080.0,0.0,0.0,,,,,,,,,,,,,,,,,,,,,,,,,True,1,3.9323873999528587,1033.3342944998294,1037.5764542999677,1037.5879866997711,1043.7165029998869,1039.1368151996285,1043.1545196999796,1043.1545196999796,1043.6564400997013,1043.7165075000376,1043.6564806997776,1033.3342944998294,1043.6564806997776,10.322186199948192,False,
2026-02-01T12:24:49.217404,P31,B,3,24,B_MB03_T102,image,iso_chc_01,iso_chc,data/raw/stimuli/polygons/iso_chc_01.json,B_Fractal_187,data/raw/stimuli/CAT2000/Fractal/187.jpg,Fractal,nan,1987,grid_13,2880,540,32.63520862273857,6.846807837997614,4.0,0.5,10.0,1,2.0,157.04706105708198,,,1920.0,1080.0,0.0,0.0,,,,,,,,,,,,,,,,,,,,,,,,,True,1,1.9804285001009703,1043.7173534999602,1046.0084572997876,1046.0210306998342,1051.999481299892,1047.4198950999416,1051.437601399608,1051.437601399608,1051.9396043997258,1051.9994844999164,1051.9396436000243,1043.7173534999602,1051.9396436000243,8.222290100064129,False,
2026-02-01T12:24:59.000270,P31,B,3,25,B_MB03_T103,image,allfar_concave_01,allfar_concave,data/raw/stimuli/polygons/allfar_concave.json,B_Random_079,data/raw/stimuli/CAT2000/Random/079.jpg,Random,nan,1987,grid_21,960,1080,12.049751363346202,13.503472356031734,4.0,0.5,10.0,1,2.0,157.04706105708198,,,1920.0,1080.0,0.0,0.0,,,,,,,,,,,,,,,,,,,,,,,,,True,1,3.4814589000307024,1052.0002298997715,1055.7904574996792,1055.8042223998345,1061.782474800013,1057.2042171997018,1061.2205813997425,1061.2205813997425,1061.7224029996432,1061.782478099689,1061.7224403996952,1052.0002298997715,1061.7224403996952,9.722210499923676,False,
2026-02-01T12:25:06.152112,P31,B,3,26,B_MB03_T104,empty,iso_bbc_01,iso_bbc,data/raw/stimuli/polygons/iso_bbc_01.json,nan,nan,nan,nan,1987,grid_22,1920,1080,23.119020643887126,13.503472356031734,4.0,0.5,10.0,1,2.0,157.04706105708198,,,1920.0,1080.0,0.0,0.0,,,,,,,,,,,,,,,,,,,,,,,,,True,1,2.1307997000403702,1061.7832307000645,1064.2244575996883,1064.2371678999625,1068.9345422000624,1064.3539803996682,1068.3705329997465,1068.3705329997465,1068.874231299851,1068.9345497996546,1068.8742924998514,1061.7832307000645,1068.8742924998514,7.091061799786985,False,
2026-02-01T12:25:29.592702,P31,B,3,27,B_MB03_T105,image,pair_C1_01,pair_C1_bbc_vs_chc_icc,data/raw/stimuli/polygons/pair_com_bbc_vs_chc_icc_01.json,B_Sketch_083,data/raw/stimuli/CAT2000/Sketch/083.jpg,Sketch,nan,1987,grid_23,2880,1080,32.63520862273857,13.503472356031734,4.0,0.5,10.0,1,2.0,157.04706105708198,,,1920.0,1080.0,0.0,0.0,,,,,,,,,,,,,,,,,,,,,,,,,True,1,17.481205199845135,1068.9359936998226,1086.724453699775,1086.7403983999975,1092.3754745000042,1087.780464799609,1091.8120062998496,1091.8120062998496,1092.3140286998823,1092.3754774997942,1092.3140672999434,1068.9359936998226,1092.3140672999434,23.378073600120842,False,
2026-02-01T12:25:42.690613,P31,B,3,28,B_MB03_T106,image,iso_bbc_03,iso_bbc,data/raw/stimuli/polygons/iso_bbc_03.json,B_Sketch_045,data/raw/stimuli/CAT2000/Sketch/045.jpg,Sketch,nan,1987,grid_31,960,1620,12.049751363346202,19.80974465169186,4.0,0.5,10.0,1,2.0,157.04706105708198,,,1920.0,1080.0,0.0,0.0,,,,,,,,,,,,,,,,,,,,,,,,,True,1,7.249935100320727,1092.3763941000216,1099.9304571999237,1099.9434754997492,1105.4725081999786,1100.8802712997422,1104.9115410000086,1104.9115410000086,1105.4131356999278,1105.472512200009,1105.4131736997515,1092.3763941000216,1105.4131736997515,13.036779599729925,False,
2026-02-01T12:25:50.338923,P31,B,3,29,B_MB03_T107,image,iso_chc_02,iso_chc,data/raw/stimuli/polygons/iso_chc_02.json,B_Fractal_107,data/raw/stimuli/CAT2000/Fractal/107.jpg,Fractal,nan,1987,grid_32,1920,1620,23.119020643887126,19.80974465169186,4.0,0.5,10.0,1,2.0,157.04706105708198,,,1920.0,1080.0,0.0,0.0,,,,,,,,,,,,,,,,,,,,,,,,,True,1,1.4366772002540529,1105.4733564998023,1107.2144571999088,1107.2277076998726,1113.121507300064,1108.5401208996773,1112.5597131997347,1112.5597131997347,1113.0616011000238,1113.1215115999803,1113.0616365000606,1105.4733564998023,1113.0616365000606,7.588280000258237,False,
2026-02-01T12:25:58.390850,P31,B,3,30,B_MB03_T108,image,iso_chc_02,iso_chc,data/raw/stimuli/polygons/iso_chc_02.json,B_OutdoorNatural_061,data/raw/stimuli/CAT2000/OutdoorNatural/061.jpg,OutdoorNatural,nan,1987,grid_33,2880,1620,32.63520862273857,19.80974465169186,4.0,0.5,10.0,1,2.0,157.04706105708198,,,1920.0,1080.0,0.0,0.0,,,,,,,,,,,,,,,,,,,,,,,,,True,1,1.9492525001987815,1113.122369799763,1115.3794557997026,1115.3930559996516,1121.1734986999072,1116.579507299699,1120.6114349998534,1120.6114349998534,1121.1135583999567,1121.1735024997033,1121.1135933999904,1113.122369799763,1121.1135933999904,7.991223600227386,False,
2026-02-01T12:26:05.372049,P31,B,3,31,B_MB03_T109,empty,iso_bbc_02,iso_bbc,data/raw/stimuli/polygons/iso_bbc_02.json,nan,nan,nan,nan,1987,grid_11,960,540,12.049751363346202,6.846807837997614,4.0,0.5,10.0,1,2.0,157.04706105708198,,,1920.0,1080.0,0.0,0.0,,,,,,,,,,,,,,,,,,,,,,,,,True,1,1.966629599686712,1121.174354699906,1123.4494566996582,1123.4628081996925,1128.1544821998104,1123.5778781999834,1127.5940666999668,1127.5940666999668,1128.095729699824,1128.1544851996005,1128.0957686998881,1121.174354699906,1128.0957686998881,6.921413999982178,False,
2026-02-01T12:26:12.921129,P31,B,3,32,B_MB03_T110,image,pair_C1_03,pair_C1_bbc_vs_chc_icc,data/raw/stimuli/polygons/pair_com_bbc_vs_chc_icc_03.json,B_Satelite_003,data/raw/stimuli/CAT2000/Satelite/003.jpg,Satelite,nan,1987,grid_12,1920,540,23.119020643887126,6.846807837997614,4.0,0.5,10.0,1,2.0,157.04706105708198,,,1920.0,1080.0,0.0,0.0,,,,,,,,,,,,,,,,,,,,,,,,,True,1,1.1530594998039305,1128.1552108996548,1129.6114558996633,1129.625862499699,1135.7035006997176,1131.1216190997511,1135.1410245997831,1135.1410245997831,1135.6429524999112,1135.7035045996308,1135.6429902999662,1128.1552108996548,1135.6429902999662,7.48777940031141,False,
2026-02-01T12:26:20.657471,P31,B,3,33,B_MB03_T111,image,pair_C3_02,pair_C3_icc_vs_chc_bbc,data/raw/stimuli/polygons/pair_com_icc_vs_chc_bbc_02.json,B_Satelite_117,data/raw/stimuli/CAT2000/Satelite/117.jpg,Satelite,nan,1987,grid_13,2880,540,32.63520862273857,6.846807837997614,4.0,0.5,10.0,1,2.0,157.04706105708198,,,1920.0,1080.0,0.0,0.0,,,,,,,,,,,,,,,,,,,,,,,,,True,1,1.3234791001304984,1135.7043442996219,1137.3314574998803,1137.345111799892,1143.4394926996902,1138.8449526997283,1142.8774302997626,1142.8774302997626,1143.3792995996773,1143.4394960999489,1143.3793379999697,1135.7043442996219,1143.3793379999697,7.674993700347841,False,
2026-02-01T12:27:15.284341,P31,B,3,34,B_MB03_T112,image,pair_C2_02,pair_C2_chc_vs_bbc_icc,data/raw/stimuli/polygons/pair_com_chc_vs_bbc_icc_02.json,,,,,1987,grid_21,960,1080,12.049751363346202,13.503472356031734,4.0,0.5,10.0,1,2.0,157.04706105708198,,,1920.0,1080.0,0.0,0.0,,,,,,,,,,,,,,,,,,,,,,,,,False,1,54.146977399941534,,,,,,,,,,,1143.4403341999277,1198.0664577996358,54.6261263997294,True,True
2026-02-01T12:27:23.734580,P31,B,3,35,B_MB03_T113,image,pair_C1_03,pair_C1_bbc_vs_chc_icc,data/raw/stimuli/polygons/pair_com_bbc_vs_chc_icc_03.json,B_Random_123,data/raw/stimuli/CAT2000/Random/123.jpg,Random,nan,1987,grid_22,1920,1080,23.119020643887126,13.503472356031734,4.0,0.5,10.0,1,2.0,157.04706105708198,,,1920.0,1080.0,0.0,0.0,,,,,,,,,,,,,,,,,,,,,,,,,True,1,2.413682200014591,1198.06710439967,1200.7674509999342,1200.7705907998607,1206.5164712998085,1201.9483640999533,1205.9542396999896,1205.9542396999896,1206.4558334997855,1206.5164739997126,1206.455866099801,1198.06710439967,1206.455866099801,8.388761700130999,False,
2026-02-01T12:27:37.154188,P31,B,3,36,B_MB03_T114,image,iso_chc_03,iso_chc,data/raw/stimuli/polygons/iso_chc_03.json,B_Fractal_143,data/raw/stimuli/CAT2000/Fractal/143.jpg,Fractal,nan,1987,grid_23,2880,1080,32.63520862273857,13.503472356031734,4.0,0.5,10.0,1,2.0,157.04706105708198,,,1920.0,1080.0,0.0,0.0,,,,,,,,,,,,,,,,,,,,,,,,,True,1,7.239854299928993,1206.517170699779,1214.0514501999132,1214.0545405000448,1219.9364760997705,1215.3693658998236,1219.3754289997742,1219.3754289997742,1219.8772110999562,1219.936479399912,1219.8772444999777,1206.517170699779,1219.8772444999777,13.360073800198734,False,
2026-02-01T12:27:43.735309,P31,B,3,37,B_MB03_T115,image,pair_C3_02,pair_C3_icc_vs_chc_bbc,data/raw/stimuli/polygons/pair_com_icc_vs_chc_bbc_02.json,B_Object_049,data/raw/stimuli/CAT2000/Object/049.jpg,Object,nan,1987,grid_31,960,1620,12.049751363346202,19.80974465169186,4.0,0.5,10.0,1,2.0,157.04706105708198,,,1920.0,1080.0,0.0,0.0,,,,,,,,,,,,,,,,,,,,,,,,,True,1,0.20023219985887408,1219.9372927998193,1220.4384510000236,1220.442100299988,1226.517476100009,1221.9479660000652,1225.9546381998807,1225.9546381998807,1226.4565181997605,1226.5174789000303,1226.4565514996648,1219.9372927998193,1226.4565514996648,6.519258699845523,False,
2026-02-01T12:27:51.034847,P31,B,3,38,B_MB03_T116,image,iso_chc_03,iso_chc,data/raw/stimuli/polygons/iso_chc_03.json,B_Sketch_175,data/raw/stimuli/CAT2000/Sketch/175.jpg,Sketch,nan,1987,grid_32,1920,1620,23.119020643887126,19.80974465169186,4.0,0.5,10.0,1,2.0,157.04706105708198,,,1920.0,1080.0,0.0,0.0,,,,,,,,,,,,,,,,,,,,,,,,,True,1,1.4158429997041821,1226.518300499767,1228.23745279992,1228.2471909997985,1233.8174732998013,1229.2387806996703,1233.2559582996182,1233.2559582996182,1233.7578217997216,1233.8174761999398,1233.757855499629,1226.518300499767,1233.757855499629,7.239554999861866,False,
2026-02-01T12:28:00.667307,P31,B,3,39,B_MB03_T117,image,iso_com_03,iso_com,data/raw/stimuli/polygons/iso_com_03.json,B_Fractal_191,data/raw/stimuli/CAT2000/Fractal/191.jpg,Fractal,nan,1987,grid_33,2880,1620,32.63520862273857,19.80974465169186,4.0,0.5,10.0,1,2.0,157.04706105708198,,,1920.0,1080.0,0.0,0.0,,,,,,,,,,,,,,,,,,,,,,,,,True,1,3.3024932998232543,1233.8182815997861,1237.427452299744,1237.440899099689,1243.4494743999094,1238.8683857000433,1242.8872698997147,1242.8872698997147,1243.3890849999152,1243.4494771999307,1243.3891204996035,1233.8182815997861,1243.3891204996035,9.570838899817318,False,
